{"cameraMode":{"drawMode":0,"name":"Shaded","section":"Shading Mode"},"sceneLighting":true,"audioPlay":false,"sceneViewState":{"m_AlwaysRefresh":false,"showFog":true,"showSkybox":true,"showFlares":true,"showImageEffects":true,"showParticleSystems":true,"showVisualEffectGraphs":true,"m_FxEnabled":true},"in2DMode":false,"pivot":{"x":1.7400000095367432,"y":-0.1340000033378601,"z":-0.642300009727478},"rotation":{"x":-0.3449086844921112,"y":0.21033433079719544,"z":-0.07959900051355362,"w":-0.9113508462905884},"size":10.878870010375977,"orthographic":false}